fullname,eid,class,class,"email Responsável, Pai",phone Pai,"phone Responsável, Mãe",email Mãe,email Aluno,phone Aluno,invisible,see_all
John Doe 1,1234,Sala 1 / Sala 2,Sala 3,johndoepai1@gmail.com :),11 22221,(11) 38839332,johndoemae1@gmail.com,johndoealuno1@gmail.com,hahaha,1,
Mary Doe 2,1235,Sala 1,,marydoe1@gmail.com,,(11) 98334228,,,,0,no
John Doe 1,1234,Sala 4,"Sala 5, Sala 6",johndoepai2@gmail.com/johndoepai3@gmail.com,19 985504400,(11) 38839333,11 983340440,,,,yes
Victor Doe 3,1236,Sala 6,Sala 7,victordoepai1@hotmail.com,,,victordoe3@gmail.com,victordoe3@gmail.com,19 74430033,,
Alex Doe 4,1237,Sala 2,Sala 7,alexdoepai1@hotmail.com,,,alexdoe3@gmail.com,alexdoe3@gmail.com,19 84430153,,
Paul Doe 6,1216,Sala 5,Sala 6,pauldoepai1@hotmail.com,,,pauldoe3@gmail.com,pauldoe3@gmail.com,19 74830159,,
Jhon Doe 5,1238,Sala 1,Sala 4,jhondoepai1@hotmail.com,,,jhondoe3@gmail.com,jhondoe3@gmail.com,19 94431099,,